"Step","IslandSearchAlgorithm - Test score","IslandSearchAlgorithm - Test score__MIN","IslandSearchAlgorithm - Test score__MAX"
"0","0.3831753681392236","0.372","0.396"
"1","0.37733333333333335","0.324","0.42"
"2","0.38400000000000006","0.344","0.432"
"3","0.3786666666666667","0.372","0.384"
"4","0.3786666666666667","0.372","0.388"
"5","0.4093333333333333","0.392","0.424"