{"_timestamp":1.7521770174058392e+09,"_runtime":233.176234,"_step":0,"_wandb":{"runtime":233},"Test score":0.3333333333333333}