{"_step":0,"_wandb":{"runtime":281},"Test score":0.3333333333333333,"_timestamp":1.7521738070998242e+09,"_runtime":281.505251}