{"_timestamp":1.752174809150101e+09,"_runtime":1285.025467,"_step":0,"_wandb":{"runtime":1285},"Test score":0.6666666666666666}