{"Test score":0.6666666666666666,"_timestamp":1.7521742094281101e+09,"_runtime":234.606542,"_step":0,"_wandb":{"runtime":234}}