{"Total samples":2525,"Total proposals":25,"_runtime":18962.356119,"_step":5,"Buffer size":26,"_timestamp":1.75212023722065e+09,"_wandb":{"runtime":18962},"Test score":0.38666666666666666}